"0","# Hänvisar till vilken väg som leder till cdc_data"
"0","path <- '/cloud/project/data/cdc_data.csv'"
"0",""
"0","# Läser in cdc_data, detta blir en ""data.frame"""
"0","df <- read_csv(path)"
"2","New names:"
"2","[1mRows: [22m[34m20000[39m [1mColumns: [22m[34m10[39m"
"2","[36m──[39m [1mColumn specification[22m [36m─────────────────────────────────────────────────────────[39m
[1mDelimiter:[22m "",""
[31mchr[39m (2): genhlth, gender
[32mdbl[39m (8): ...1, exerany, hlthplan, smoke100, height, weight, wtdesire, age"
"2","
[36mℹ[39m Use `spec()` to retrieve the full column specification for this data.
[36mℹ[39m Specify the column types or set `show_col_types = FALSE` to quiet this message."
"0","class(df)"
"1","[1]"
"1"," ""spec_tbl_df"""
"1"," ""tbl_df""     "
"1"," ""tbl""        "
"1"," ""data.frame"" "
"1","
"
"0","# Vi säkerhetsställer att vi har en data.frame"
"0","df <- as.data.frame(df)"
"0","class(df)"
"1","[1]"
"1"," ""data.frame"""
"1","
"
"0","# Sätt att se att cdc_data har 20.000 rader och 9 kolumner"
"0","# view(df)"
"0","# str(df)"
"0","a <- length(rownames(df)) # 20.000 rader!"
"0","b <- length(colnames(df)) # det finns faktiskt 10 kolumner! Det beror på att den första raden består av en index-lista"
"0",""
"0","print(paste(""Det finns"", a, ""rader""))"
"1","[1]"
"1"," ""Det finns 20000 rader"""
"1","
"
"0","print(paste(""Det finns"", b, ""kolumner!""))"
"1","[1]"
"1"," ""Det finns 10 kolumner!"""
"1","
"
