"0","# Kategoriska variabler är dom som har ett fixerat antal alternativ som svar, I vårt fall har vi: genhlth (poor, fair, good, very good, excellent), smoke100 (0, 1), gender (m, f)"
"0",""
"0","df_new_new <- df_new %>%"
"0","  mutate(genhlth = as.factor(genhlth), "
"0","         smoke100 = as.factor(smoke100), "
"0","         gender = as.factor(gender))"
"0",""
"0","# Vi kan kontrollera detta"
"0","# class(df_new_new$genhlth)"
"0","# class(df_new_new$smoke100)"
"0","# class(df_new_new$gender)"
"0",""
