"0","# Först börjar vi med att kolla vilka svarsalternativ det finns"
"0","kategorier <- unique(df$genhlth)"
"0","kategorier"
"1","[1]"
"1"," good     "
"1"," very good"
"1"," excellent"
"1"," fair     "
"1"," poor     "
"1","
"
"1",""
"1","Levels: "
"1",""
"1","excellent fair good poor very good"
"1",""
"1","
"
"0","# Då vet vi att vi har excellent, fair, good, poor och very good."
"0",""
"0","genhlth <- table(df$genhlth)"
"0","genhlth <- as.data.frame(genhlth)"
"0","genhlth_andel <- genhlth %>%"
"0","  mutate(andel = (Freq/20000)*100)"
"0",""
"0","for (i in 1) { # for-loop, men det räcker med att loopa en gång"
"0","  print(paste(""Hälsostatusen"", genhlth_andel$Var1 ,"
"0","              ""står för"", genhlth_andel$andel,"
"0","              ""% av det totala antalet tillstånd""))"
"0","  "
"0","}"
"1","[1]"
"1"," ""Hälsostatusen excellent står för 23.285 % av det totala antalet tillstånd"""
"1","
"
"1","[2]"
"1"," ""Hälsostatusen fair står för 10.095 % av det totala antalet tillstånd""     "
"1","
"
"1","[3]"
"1"," ""Hälsostatusen good står för 28.375 % av det totala antalet tillstånd""     "
"1","
"
"1","[4]"
"1"," ""Hälsostatusen poor står för 3.385 % av det totala antalet tillstånd""      "
"1","
"
"1","[5]"
"1"," ""Hälsostatusen very good står för 34.86 % av det totala antalet tillstånd"" "
"1","
"
