"0",""
"0","antal_kvinnor <- df %>%"
"0","  filter(gender == ""f"")"
"0","antal_kvinnor <- count(antal_kvinnor)"
"0",""
"0","andel_kvinnor_som_rökt <- (antal_kvinnor_som_rökt / antal_kvinnor)*100"
"0","print(paste(""Andelen kvinnor som har rökt fler än 100 cigaretter är"","
"0","            andel_kvinnor_som_rökt, ""%""))"
"1","[1]"
"1"," ""Andelen kvinnor som har rökt fler än 100 cigaretter är 42.3641069887834 %"""
"1","
"
"0","# Andelen män som har rökt >100 cigaretter"
"0","m_smoke <- df %>%"
"0","  filter(gender == ""m"", smoke100 == ""1"")"
"0",""
"0","antal_män_som_rökt <- count(m_smoke) # 4419 kvinnor av de 20 000!"
"0",""
"0","antal_män <- df %>%"
"0","  filter(gender == ""m"")"
"0","antal_män <- count(antal_män)"
"0",""
"0","andel_män_som_rökt <- (antal_män_som_rökt / antal_män)*100"
"0","print(paste(""Andelen män som har rökt fler än 100 cigaretter är"","
"0","            andel_män_som_rökt, ""%""))"
"1","[1]"
"1"," ""Andelen män som har rökt fler än 100 cigaretter är 52.481973037935 %"""
"1","
"
