{"chunk_definitions":[{"row":49,"row_count":1,"visible":true,"expansion_state":0,"options":{"engine":"r","label":"a) Importera"},"document_id":"F3313909","chunk_id":"c0pdvwtofvlz7","chunk_label":"a) Importera"},{"row":64,"row_count":1,"visible":true,"expansion_state":0,"options":{"engine":"r","label":"b) Konvertera"},"document_id":"F3313909","chunk_id":"c0r4bh13fj8iq","chunk_label":"b) Konvertera"},{"row":74,"row_count":1,"visible":true,"expansion_state":0,"options":{"engine":"r","label":"c) Sålla bort"},"document_id":"F3313909","chunk_id":"cowzyf2s2j7j6","chunk_label":"c) Sålla bort"},{"row":90,"row_count":1,"visible":true,"expansion_state":0,"options":{"engine":"r","label":"d) kategorisk"},"document_id":"F3313909","chunk_id":"ceb9hx35rnz4o","chunk_label":"d) kategorisk"},{"row":95,"row_count":1,"visible":true,"expansion_state":0,"options":{"engine":"r","label":"extra"},"document_id":"F3313909","chunk_id":"ca231xzze82k9","chunk_label":"extra"},{"row":118,"row_count":1,"visible":true,"expansion_state":0,"options":{"engine":"r","label":"a) fördelningen"},"document_id":"F3313909","chunk_id":"cy593vojsqpa5","chunk_label":"a) fördelningen"},{"row":125,"row_count":1,"visible":true,"expansion_state":0,"options":{"engine":"r","label":"b) f-smoke"},"document_id":"F3313909","chunk_id":"c0vb7q1u5zpw5","chunk_label":"b) f-smoke"},{"row":155,"row_count":1,"visible":true,"expansion_state":0,"options":{"engine":"r","label":"Andelen som har rökt"},"document_id":"F3313909","chunk_id":"c7ao4s71psjr3","chunk_label":"c) Andelen som har rökt"},{"row":166,"row_count":1,"visible":true,"expansion_state":0,"options":{"engine":"r","label":"d) viktstatus"},"document_id":"F3313909","chunk_id":"ceswur3bekps2","chunk_label":"d) viktstatus"}],"doc_write_time":1677583116}